<?xml version="1.0" encoding="UTF-8"?>
<project-private xmlns="http://www.netbeans.org/ns/project-private/1">
    <editor-bookmarks xmlns="http://www.netbeans.org/ns/editor-bookmarks/2" lastBookmarkId="0"/>
    <open-files xmlns="http://www.netbeans.org/ns/projectui-open-files/2">
        <group>
            <file>file:/var/www/html/gamy5_g5/site/wwwroot/dashboard/index.view.html</file>
            <file>file:/var/www/html/gamy5_g5/site/wwwroot/app-services/signalRService.js</file>
            <file>file:/var/www/html/gamy5_g5/site/wwwroot/app-services/playGameService.js</file>
            <file>file:/var/www/html/gamy5_g5/site/wwwroot/sitngo/index.controller.js</file>
            <file>file:/var/www/html/gamy5_g5/site/wwwroot/index.html</file>
            <file>file:/var/www/html/gamy5_g5/site/wwwroot/dashboard/index.controller.js</file>
            <file>file:/var/www/html/gamy5_g5/site/wwwroot/app.js</file>
        </group>
    </open-files>
</project-private>
